Date,Open,High,Low,Close,Adj Close,Volume
11/2/16,113.18,113.400002,102.099998,108.440002,97.979713,33735600
12/2/16,105.120003,109.839996,105,108.629997,98.151382,12973400
16/2/16,109.730003,112.760002,109,112.599998,101.738441,7587700
17/2/16,114.029999,116.830002,113.989998,116.339996,105.117676,6619600
18/2/16,116.910004,118.230003,116.68,117.57,106.229012,6489000
19/2/16,117.309998,117.330002,114.419998,115.160004,104.051506,6920600
22/2/16,115.160004,118.970001,115.160004,117.389999,106.066399,4930300
23/2/16,116.970001,118.5,115.93,116.900002,105.62365,3762300
24/2/16,115.370003,115.959999,112.510002,115.589996,104.440025,6859300
25/2/16,116.349998,117.599998,115.779999,116.82,105.551361,4667100
26/2/16,117.75,119.449997,117.5,118.160004,106.7621,3757800
29/2/16,118.120003,119.470001,117.5,118.18,106.780174,4569700
1/3/16,119.010002,120.989998,118.25,119.959999,108.388489,4595400
2/3/16,119.629997,120.75,118.5,119.650002,108.108391,4292500
3/3/16,118.839996,119.730003,118.25,119.610001,108.072235,3404600
4/3/16,120.169998,122.230003,119.849998,121.07,109.391396,4421500
7/3/16,120.800003,123.32,120.57,122.900002,111.044884,4504700
8/3/16,121.980003,122.970001,121.309998,122.349998,110.547943,5257300
9/3/16,122.379997,123.260002,122.029999,122.860001,111.008751,3380300
10/3/16,123.139999,123.82,121.43,122.940002,111.081024,4111300
11/3/16,124.129997,125.5,123.860001,124.629997,112.608002,3260100
14/3/16,123.93,127,123.860001,126.339996,114.153046,4283400
15/3/16,125.550003,126.370003,124.209999,126.360001,114.171135,3717500
16/3/16,126.239998,128.130005,125.75,127.57,115.264412,5154700
17/3/16,128.070007,131.600006,127.419998,130.699997,118.092491,5801000
18/3/16,131.240005,134.679993,131.009995,133.960007,121.03801,9108400
21/3/16,133.460007,136.779999,133.389999,135.860001,122.754745,5671400
22/3/16,135.139999,136.100006,134.779999,135.119995,122.086113,4989000
23/3/16,134.990005,135,132.740005,132.860001,120.044113,4361200
24/3/16,131.610001,132.229996,130.029999,132.119995,119.375519,4573100
28/3/16,132.529999,132.619995,130.550003,131.289993,118.625565,3352200
29/3/16,129.830002,130.929993,128.179993,130.880005,118.255112,4910200
30/3/16,131.479996,132.729996,128.020004,128.580002,116.177002,5949000
31/3/16,128.089996,128.380005,125.25,126.940002,114.695175,8758300
1/4/16,126.230003,127.089996,125.110001,126.959999,114.713249,5328000
4/4/16,126.540001,127.970001,125.879997,126.339996,114.153046,5036500
5/4/16,126.150002,128.589996,125.580002,127.029999,114.776489,4660100
6/4/16,127.160004,128.039993,125.75,127.93,115.589684,3998000
7/4/16,127,128.940002,126.559998,127,114.74939,4596300
8/4/16,128.039993,130.020004,127.610001,127.879997,115.544502,3939800
11/4/16,128.25,129.899994,127.68,127.910004,115.571617,3611700
12/4/16,127.620003,130.380005,126.68,129.470001,116.981117,4239200
13/4/16,130.490005,131.5,129.809998,131.139999,118.490028,3514800
14/4/16,131.5,131.949997,130.529999,130.850006,118.228004,4527600
15/4/16,130.949997,131.600006,130.679993,131.130005,118.481003,5008700
18/4/16,131.130005,132.25,130.320007,131.970001,119.239975,3056000
19/4/16,132.570007,133.850006,132.210007,132.679993,119.881485,2931000
20/4/16,128.550003,131.360001,128.490005,130.570007,117.975029,6799000
21/4/16,130.979996,132.639999,130.300003,130.740005,118.128624,4799600
22/4/16,131.089996,131.830002,130.5,131.050003,118.40873,3858100
25/4/16,130.449997,131,129.309998,130.75,118.137657,4600100
26/4/16,131.25,133.270004,131.059998,133.240005,120.387466,6103400
27/4/16,133.199997,137.889999,131.949997,137.080002,123.857063,6930800
28/4/16,136.289993,137.720001,134.5,134.800003,121.796989,4938800
29/4/16,134.419998,135.229996,132.809998,134.800003,121.796989,3716700
2/5/16,134.380005,135,133.229996,134.009995,121.083191,3703800
3/5/16,132.699997,133.309998,131.460007,132.490005,119.709816,4028700
4/5/16,131.589996,132.309998,130.529999,130.889999,118.264153,3340500
5/5/16,131.729996,132.639999,131.119995,132.080002,119.339363,4199200
6/5/16,132.110001,133.630005,131.759995,133.259995,120.405548,2466000
9/5/16,132.800003,133.809998,131.820007,132.100006,119.357437,3431100
10/5/16,133.179993,135.240005,132.789993,134.720001,121.724693,3382700
11/5/16,133.809998,134.990005,132.940002,133,121.150826,3284100
12/5/16,133.490005,135.039993,133.490005,134.419998,122.444313,4591300
13/5/16,133.740005,134.940002,131.910004,132.119995,120.349243,3965900
16/5/16,131.630005,134.410004,131.550003,134.139999,122.189262,3165400
17/5/16,133.619995,134.490005,131.960007,132.559998,120.750015,4032000
18/5/16,132.449997,133.179993,130.339996,130.990005,119.319908,4060400
19/5/16,130.240005,130.429993,127.089996,128.080002,116.669159,5061600
20/5/16,129.130005,129.25,127.209999,127.389999,116.040627,3297700
23/5/16,127.400002,128.410004,125.879997,127.580002,116.21373,3977700
24/5/16,127.760002,128.809998,126.32,127.5,116.140823,5102400
25/5/16,128,129.779999,127.370003,128.860001,117.379677,4656700
26/5/16,128.479996,129.899994,128.320007,129.309998,117.789581,2586300
27/5/16,128.960007,129.699997,128.830002,129.220001,117.707603,3043700
31/5/16,129.880005,129.979996,126.040001,126.150002,114.911118,6894400
1/6/16,126,126.5,124.779999,126.410004,115.147957,4679600
2/6/16,126.650002,127.029999,125.32,126.849998,115.548752,4802100
3/6/16,126.419998,127.580002,125.949997,127.379997,116.031525,5485600
6/6/16,127.599998,132.080002,127.449997,131.899994,120.148842,6996200
7/6/16,132.410004,133.389999,131.820007,131.929993,120.176147,4424000
8/6/16,132.520004,133.529999,132.039993,133,121.150826,3883700
9/6/16,132.100006,133.820007,131.919998,133.100006,121.241928,3811200
10/6/16,131.759995,132.119995,130.369995,131.139999,119.456535,3828600
13/6/16,130.789993,131.509995,129.880005,129.919998,118.345245,3645000
14/6/16,129.630005,130.600006,128.5,130.5,118.873566,3717000
15/6/16,130.880005,131.759995,129.970001,130.160004,118.56385,3324800
16/6/16,129.320007,129.889999,126.900002,129.369995,117.844223,4066100
17/6/16,129.830002,129.990005,128.809998,129.820007,118.254158,6739600
20/6/16,131.360001,133.899994,131.210007,132.75,120.923103,4331900
21/6/16,133.190002,133.279999,131.490005,131.520004,119.802681,2841100
22/6/16,132.100006,133.160004,131.580002,131.770004,120.030411,2640800
23/6/16,133.910004,134.550003,132.729996,133.550003,121.651848,4113900
24/6/16,128.139999,129.389999,126.209999,126.519997,115.248146,9707300
27/6/16,125.68,125.75,122.349998,122.699997,111.768463,6169000
28/6/16,124.5,124.760002,122.699997,123.889999,112.852455,4438100
29/6/16,125.489998,127.32,124.160004,126.989998,115.676285,4916700
30/6/16,127.080002,129.869995,127.080002,129.869995,118.29969,4110800
1/7/16,129.539993,130.339996,129.160004,129.690002,118.135727,3247900
5/7/16,128.429993,129,126.629997,126.970001,115.658051,4829400
6/7/16,127.25,127.309998,123.959999,126.959999,115.648949,3981700
7/7/16,126.919998,128.169998,126.260002,127.169998,115.840233,3049400
8/7/16,128.600006,130.460007,127.660004,130.089996,118.500099,3597800
11/7/16,130.839996,133.25,130.800003,132.039993,120.27636,3929900
12/7/16,132.800003,133,130.330002,130.809998,119.155945,4318400
13/7/16,131.279999,131.389999,129.369995,130.110001,118.518295,3061400
14/7/16,131.630005,131.919998,130.199997,131.550003,119.830002,3984100
15/7/16,131.800003,132.75,131.449997,132.389999,120.595177,2944900
18/7/16,132.380005,133.889999,131.949997,133.429993,121.542534,3338400
19/7/16,132.910004,135.669998,132.830002,134.660004,122.662933,3390000
20/7/16,134.550003,135.179993,134.039993,134.720001,122.717583,2669400
21/7/16,134.759995,134.979996,133.029999,133.529999,121.633614,2814100
22/7/16,131.75,133.490005,130.570007,133.470001,121.578964,4844900
25/7/16,133.179993,133.300003,132.380005,132.940002,121.096161,3078600
26/7/16,132.899994,134.970001,132.509995,134.850006,122.836029,4667300
27/7/16,136.139999,139.449997,135.710007,135.960007,123.847122,5661700
28/7/16,135.399994,135.860001,132.550003,133.009995,121.15995,5142400
29/7/16,133.050003,133.800003,132.300003,133.660004,121.752045,3559100
1/8/16,133.210007,134.229996,132.699997,133.210007,121.342133,3067300
2/8/16,132.949997,133.399994,131.350006,131.600006,119.875565,3156800
3/8/16,131.770004,132.449997,131.619995,131.869995,120.12149,2359300
4/8/16,132,132.550003,130.960007,131.210007,119.520302,3008500
5/8/16,132.210007,132.440002,131.009995,131.729996,119.99398,3119500
8/8/16,132.139999,132.949997,131.75,132.190002,120.413002,2443800
9/8/16,132.729996,132.990005,132.229996,132.619995,120.804672,3013900
10/8/16,132.100006,133.529999,131.710007,132.279999,121.49353,2642200
11/8/16,132.850006,133.559998,132.300003,133,122.154816,2275700
12/8/16,132.899994,133.779999,132.630005,133.100006,122.246674,2522600
15/8/16,133.699997,135,133.550003,134.660004,123.679466,2812600
16/8/16,134.149994,135.210007,133.399994,135,123.991722,2759200
17/8/16,134.850006,134.990005,134.110001,134.720001,123.734558,2854600
18/8/16,134.720001,135.960007,134.529999,135,123.991722,2030800
19/8/16,134.5,135,133.839996,134.440002,123.477402,1922600
22/8/16,134.300003,135.669998,133.839996,134.990005,123.982536,2520500
23/8/16,135.320007,136.369995,133.639999,134.139999,123.201866,3481900
24/8/16,134.009995,134.649994,133.070007,133.289993,122.42115,2135900
25/8/16,133.300003,133.300003,132.419998,132.979996,122.136452,1921400
26/8/16,133.5,134.080002,131.820007,132.229996,121.447601,1973700
29/8/16,132.720001,133.580002,132.320007,132.899994,122.062965,2380000
30/8/16,133.190002,133.440002,130.679993,130.809998,120.143402,3437300
31/8/16,130.830002,130.830002,129.139999,129.449997,118.894295,3639200
1/9/16,130.029999,130.029999,128.360001,129.899994,119.30761,2807200
2/9/16,130.889999,131.960007,130.580002,131.160004,120.464867,2631000
6/9/16,131.630005,132.990005,131.270004,132.990005,122.145653,4151800
7/9/16,132.479996,133.080002,132,132.639999,121.824158,2198700
8/9/16,132.320007,132.910004,131.509995,132.899994,122.062965,2618300
9/9/16,131.940002,131.940002,128.520004,128.529999,118.049309,4892900
12/9/16,126.879997,130.679993,126.309998,130.119995,119.509659,6381100
13/9/16,129.220001,130.020004,128.259995,128.759995,118.260551,4552400
14/9/16,128.910004,129.309998,127.339996,127.669998,117.25943,3955400
15/9/16,127.57,128.460007,126.940002,127.769997,117.351288,3462400
16/9/16,127.709999,127.709999,126.339996,126.699997,116.368538,8035600
19/9/16,127.5,128.300003,127.269997,127.480003,117.084938,3168100
20/9/16,127.949997,128.5,127.57,127.790001,117.369652,2639300
21/9/16,128.179993,130.630005,128.179993,130.559998,119.913803,3227800
22/9/16,131.449997,132.479996,131.169998,131.869995,121.116943,3253100
23/9/16,131.25,132.289993,131.009995,131.779999,121.034286,2330700
26/9/16,131.070007,131.580002,130.429993,130.570007,119.922974,2219900
27/9/16,130.289993,131.740005,129.860001,131.320007,120.611801,1939000
28/9/16,131.589996,132.360001,130.589996,132.229996,121.447601,1773000
29/9/16,131.800003,132.779999,130.679993,131.029999,120.345444,2199400
30/9/16,132.089996,132.630005,131.270004,131.740005,120.997566,3118900
3/10/16,131.279999,132.720001,130.740005,132.380005,121.585396,2439400
4/10/16,132.770004,133.229996,131.690002,132.25,121.465988,2829200
5/10/16,132.929993,134.899994,132.550003,134.660004,123.679466,3137500
6/10/16,134.830002,135,133.679993,134.419998,123.459007,3614900
7/10/16,133.929993,134.660004,132.539993,133.850006,122.935509,4302000
10/10/16,134.589996,136.869995,134.589996,135.839996,124.763245,3343300
11/10/16,134.940002,135.690002,133.270004,133.740005,122.834503,3607300
12/10/16,133.759995,134.279999,133,133.160004,122.301758,2264200
13/10/16,132.419998,133.929993,131.389999,133.380005,122.503853,3544200
14/10/16,134.559998,135.25,133.479996,133.5,122.614044,2317400
17/10/16,133.5,135.380005,133.330002,134,123.07328,2435100
18/10/16,135.029999,135.740005,134.919998,135.100006,124.083611,2271000
19/10/16,135.419998,136.949997,135.330002,136.179993,125.075516,2265900
20/10/16,135.919998,136.75,135.369995,135.839996,124.763245,2539700
21/10/16,134.720001,136.190002,134.25,135.630005,124.570351,2205000
24/10/16,136.410004,138.880005,136.410004,137.449997,126.241959,3814200
25/10/16,137.529999,139.419998,137.350006,139.020004,127.683968,5209100
26/10/16,138.429993,146.190002,136.720001,145.539993,133.672241,13272000
27/10/16,145.830002,146.229996,141.779999,143.309998,131.624115,7857100
28/10/16,143.720001,144,142.169998,143.009995,131.348572,4636100
31/10/16,143.050003,143.350006,142.149994,142.429993,130.815887,3075900
1/11/16,142.949997,143.899994,141.809998,142.410004,130.797516,3245000
2/11/16,142,142.869995,140.589996,140.75,129.272888,2782100
3/11/16,140.759995,140.899994,139.350006,140.020004,128.602371,2280800
4/11/16,139.110001,140.850006,138.800003,139.539993,128.16153,2951500
7/11/16,141.5,143.100006,141.490005,143.029999,131.366943,3228200
8/11/16,141.919998,143.309998,141.289993,142.199997,131.607574,2823800
9/11/16,141.600006,145.850006,141.539993,145.089996,135.31955,5494400
10/11/16,146.509995,149.339996,146.389999,147.690002,137.744507,6508300
11/11/16,147.119995,148.600006,146.559998,148.520004,138.51857,3585200
14/11/16,148.210007,150.089996,148.210007,149.990005,139.889587,4490900
15/11/16,148.440002,149.449997,147.190002,148.110001,138.136185,3856600
16/11/16,147.300003,148.410004,146.139999,146.440002,136.578644,3559700
17/11/16,146.830002,147.119995,145,145.330002,135.543411,3656100
18/11/16,145.179993,146.600006,144.460007,146.350006,136.494705,2214400
21/11/16,147.210007,148.490005,146.520004,147.020004,137.119598,2825900
22/11/16,147.899994,149.759995,147.880005,149.520004,139.451248,3770000
23/11/16,149.610001,150.809998,149.029999,149.740005,139.656433,2857500
25/11/16,150,150.149994,149.029999,150.039993,139.936203,962300
28/11/16,149,150.089996,148.320007,149.770004,139.684418,4728800
29/11/16,149.830002,152.110001,149.110001,151.639999,141.428497,3945600
30/11/16,151.589996,153.080002,150.559998,150.559998,140.421219,3991000
1/12/16,150.740005,152.690002,150.389999,152.389999,142.127975,2843900
2/12/16,152.449997,152.490005,151.119995,152.25,141.997345,2105600
5/12/16,153.240005,153.75,151.850006,152.160004,141.913467,2855900
6/12/16,150.839996,152.639999,150.020004,152.240005,141.988068,3476300
7/12/16,151.669998,154.309998,151.070007,154.139999,143.760101,2955800
8/12/16,154.600006,155.970001,154.139999,155.389999,144.925949,2928400
9/12/16,155.649994,156.880005,155.419998,156.490005,145.951889,2707900
12/12/16,156,158,154.300003,157.160004,146.576797,4250600
13/12/16,159.100006,160.070007,154.880005,156.660004,146.110458,5650400
14/12/16,156.229996,156.369995,154.179993,154.470001,144.067917,3640200
15/12/16,153.929993,155.240005,153.059998,153.770004,143.415039,2889300
16/12/16,153.880005,156,153.139999,154.5,144.095886,5888300
19/12/16,155.160004,157.100006,155.070007,156.179993,145.662781,3002800
20/12/16,156.960007,157.889999,155.949997,156.389999,145.858612,2270100
21/12/16,156.690002,158.5,156.649994,157.479996,146.875229,2326000
22/12/16,158.5,158.990005,156.25,157.460007,146.856583,3958500
23/12/16,158.270004,158.270004,156.509995,157.809998,147.182983,2135800
27/12/16,158.410004,158.479996,156.910004,157.479996,146.875229,1858700
28/12/16,157.119995,157.350006,156.009995,156.100006,145.58815,1810400
29/12/16,156,156.75,155.160004,155.690002,145.20575,1804000
30/12/16,156.490005,156.789993,154.960007,155.679993,145.196411,2027700
3/1/17,156.300003,157.139999,155.210007,156.970001,146.399567,3426100
4/1/17,157.809998,159.229996,157.809998,158.619995,147.938461,3189800
5/1/17,158.410004,159.699997,157.399994,158.710007,148.022385,2796000
6/1/17,158.979996,159.660004,157.889999,159.100006,148.386139,2426000
9/1/17,159,159.240005,158.169998,158.320007,147.658661,2839400
10/1/17,158.960007,159.940002,158.570007,159.070007,148.358139,2988300
11/1/17,159.539993,159.699997,158.279999,159.399994,148.665894,2416500
12/1/17,159.149994,159.160004,156.669998,158.289993,147.630692,3020500
13/1/17,158.740005,159.580002,158.339996,158.830002,148.134277,2435400
17/1/17,158.199997,159.039993,157.229996,157.669998,147.052444,2758800
18/1/17,157.550003,159.050003,156.75,158.320007,147.658661,2087000
19/1/17,158.869995,159.869995,157.910004,159,148.292831,3144000
20/1/17,159.809998,160.300003,158.229996,159.529999,148.78717,3384500
23/1/17,158.940002,159.5,157.289993,157.839996,147.210953,3931200
24/1/17,158.580002,160.929993,157.839996,160.550003,149.738464,3927500
25/1/17,163.589996,168.649994,163.240005,167.360001,156.089874,7480000
26/1/17,167.25,170,167.25,169.119995,157.731369,5436800
27/1/17,169.210007,169.800003,167.009995,167.699997,156.406982,4883200
30/1/17,165.919998,165.990005,163.820007,165.570007,154.420471,5456300
31/1/17,164.960007,165.100006,163.220001,163.419998,152.415222,5350700
1/2/17,164.25,165.809998,163.119995,163.970001,152.928162,3138000
2/2/17,163.220001,163.970001,160.820007,162.259995,151.333313,3791700
3/2/17,162.990005,163.559998,162.309998,162.399994,151.463882,2981700
6/2/17,162.419998,164.080002,162.380005,163.979996,152.937515,3110500
7/2/17,165,167.419998,164.869995,166.5,155.287796,4243200
8/2/17,165,165.240005,163.690002,163.809998,154.093124,3041600
9/2/17,164.669998,165.089996,164.059998,164.279999,154.535217,3451100
10/2/17,165.25,166.449997,164.470001,166.229996,156.369568,2689700
13/2/17,166.449997,169.070007,166.350006,168.029999,158.06279,3765000
14/2/17,167.699997,168.800003,167.220001,168.5,158.504913,2580300
15/2/17,168.419998,169.949997,168.350006,169.300003,159.257492,4033200
16/2/17,169.740005,170.809998,168.75,170.809998,160.677902,3070100
17/2/17,170.410004,173.25,170.399994,172.710007,162.46521,4982900
21/2/17,173.919998,176.169998,173.679993,175.559998,165.146149,4231700
22/2/17,174.979996,175.75,174.009995,175.360001,164.958008,2832100
23/2/17,175.970001,177,175.699997,176.860001,166.369003,3502600
24/2/17,176.75,178.800003,176.100006,177.440002,166.914627,4197200
27/2/17,178,179.880005,177.550003,179.429993,168.786591,2892600
28/2/17,180.339996,181.929993,179.669998,180.229996,169.539124,4785100
1/3/17,181.850006,184.800003,181.820007,183.910004,173.000824,5461800
2/3/17,184,185.710007,182.970001,182.990005,172.135437,4909000
3/3/17,182.990005,183.580002,181.449997,182.179993,171.373444,3917500
6/3/17,181.399994,182.300003,180.429993,180.929993,170.197571,4244000
7/3/17,180.639999,182.839996,180.619995,182.020004,171.222961,2452000
8/3/17,182.399994,182.690002,181.490005,181.740005,170.959564,2321700
9/3/17,181.429993,182.589996,179.580002,180.570007,169.858963,3100500
10/3/17,181.899994,181.970001,177.919998,178.699997,168.099899,4595600
13/3/17,177.160004,179.190002,177.070007,179.050003,168.429092,3499000
14/3/17,178.539993,179.690002,177.710007,178.729996,168.128113,2346700
15/3/17,179,179.240005,177.970001,178.710007,168.109329,3569000
16/3/17,179.820007,180,177.639999,178.190002,167.620132,3100700
17/3/17,178.309998,180.380005,178.169998,180.100006,169.416855,5037400
20/3/17,180.100006,180.149994,179.139999,179.389999,168.748962,2062200
21/3/17,179.990005,180.25,175.5,175.960007,165.522415,3239600
22/3/17,175.960007,177.100006,175.5,176.979996,166.481903,2505700
23/3/17,177.339996,177.850006,176.589996,177.259995,166.7453,2006400
24/3/17,176.850006,177.529999,174.770004,175.820007,165.390732,2386800
27/3/17,174.369995,176.440002,173.75,176.100006,165.654129,2750700
28/3/17,176.289993,177.679993,175,177.360001,166.839371,2412600
29/3/17,177.399994,177.990005,176.970001,177.630005,167.093369,1640600
30/3/17,177.25,178.490005,177.220001,177.979996,167.422607,1737200
31/3/17,178.020004,178.179993,176.809998,176.860001,166.369003,2032700
3/4/17,177.080002,177.729996,175.5,176.649994,166.171463,2934800
4/4/17,176.880005,178.789993,176.759995,178.699997,168.099899,2326500
5/4/17,179,180.179993,176.889999,177.080002,166.575974,2567200
6/4/17,177.559998,178.220001,177.119995,177.369995,166.848785,2343600
7/4/17,178.389999,179.089996,177.259995,178.850006,168.240997,2806900
10/4/17,179,179.970001,177.479996,177.559998,167.027496,2309300
11/4/17,177.5,178.600006,176.960007,178.570007,167.977585,2266300
12/4/17,178.25,178.25,175.940002,176.050003,165.607086,2922700
13/4/17,175.740005,176.880005,175.559998,175.619995,165.202606,2024100
17/4/17,175.839996,179.080002,175.649994,179.020004,168.400894,2450200
18/4/17,178.589996,179.970001,177.119995,177.850006,167.300323,2960200
19/4/17,178.470001,179.899994,178.160004,178.399994,167.817673,2124500
20/4/17,178.740005,179.820007,178.350006,179.300003,168.664307,2335200
21/4/17,179.419998,180.929993,179.419998,180.380005,169.680206,3146600
24/4/17,181.75,182.460007,181.610001,182.059998,171.260574,3141900
25/4/17,182.529999,183.850006,182.529999,183.509995,172.624573,3735400
26/4/17,182.309998,183,180.110001,181.710007,170.931305,4471600
27/4/17,182.589996,183.759995,182.589996,183.220001,172.351761,3129100
28/4/17,183.419998,184.929993,183.020004,184.830002,173.866272,2181600
1/5/17,184.229996,184.490005,181.800003,182.389999,171.571014,3516700
2/5/17,182.539993,183.910004,182.529999,183.440002,172.558731,1979800
3/5/17,183.449997,183.75,182.25,183.389999,172.511688,2983200
4/5/17,183.330002,184.25,182.179993,183.070007,172.210678,2289300
5/5/17,183.160004,185.070007,183.160004,185.009995,174.035583,2636900
8/5/17,185.380005,186.389999,185,186.020004,174.985672,1963400
9/5/17,186.110001,187.210007,186.050003,186.910004,175.822891,3004000
10/5/17,185.139999,185.649994,178.179993,183.179993,173.63327,7060100
11/5/17,182.899994,184.330002,182.169998,183.940002,174.353683,2883800
12/5/17,183.710007,183.979996,182.630005,183.25,173.699615,3479200
15/5/17,183.300003,184.110001,182.279999,182.389999,172.88446,3365000
16/5/17,182.729996,183.149994,182.039993,182.699997,173.178284,2156100
17/5/17,182.699997,182.699997,178.679993,178.779999,169.462601,2535700
18/5/17,178.479996,178.5,175.470001,177.399994,168.154495,3118100
19/5/17,177.729996,181.419998,176.770004,180.759995,171.339401,4038900
22/5/17,183.779999,185.320007,182.520004,183.669998,174.097763,2946800
23/5/17,184,184.460007,182.860001,183.490005,173.927124,2123800
24/5/17,183.460007,185.399994,183.460007,185.25,175.595398,2424700
25/5/17,185.630005,187.419998,185.589996,187.070007,177.320557,2363300
26/5/17,186.729996,187.610001,186.270004,186.589996,176.86557,1735800
30/5/17,186.759995,187.419998,186.190002,186.880005,177.140442,2231600
31/5/17,187.369995,188.259995,186.720001,187.630005,177.851349,5186700
1/6/17,187.410004,187.910004,184.529999,187.320007,177.557526,2870200
2/6/17,187.820007,191.699997,187.649994,190.229996,180.315857,3034300
5/6/17,190.070007,190.740005,188.809998,188.949997,179.102585,2522100
6/6/17,188.410004,188.860001,186.690002,186.75,177.017242,2725000
7/6/17,186.850006,188.539993,186.389999,188.100006,178.29689,2383500
8/6/17,188.100006,191.070007,187.699997,189.929993,180.031479,2340300
9/6/17,190,190.990005,189.25,190.029999,180.126297,3344900
12/6/17,190.300003,190.529999,188.050003,190,180.09787,2730100
13/6/17,190.050003,191.559998,189.350006,191.089996,181.131042,1882700
14/6/17,191.050003,193.380005,190.820007,192.380005,182.353821,2210000
15/6/17,191.429993,195.550003,191.369995,195.449997,185.26384,2894100
16/6/17,196.009995,197.949997,195.809998,196.440002,186.202194,6939100
19/6/17,197.880005,199.470001,197,199.080002,188.704605,2726400
20/6/17,198.75,201.240005,198.309998,198.330002,187.993744,3077400
21/6/17,199.580002,199.710007,197.559998,199.169998,188.789917,3151100
22/6/17,199.25,200.410004,199.179993,199.440002,189.045868,3339300
23/6/17,199.259995,202.350006,198.679993,202.229996,191.69046,4310100
26/6/17,202.770004,204.389999,199.940002,199.979996,189.557739,3077600
27/6/17,199.800003,200.919998,198.889999,198.889999,188.524521,2296900
28/6/17,199.5,200.949997,199.300003,199.619995,189.216476,2096800
29/6/17,199.619995,199.759995,196.449997,197.460007,187.169083,2428900
30/6/17,198.5,199.440002,197.389999,197.75,187.443939,2225600
3/7/17,198.070007,199.440002,197.75,198.589996,188.240158,1511200
5/7/17,199.300003,202.139999,198.860001,201.809998,191.292328,2716700
6/7/17,201.639999,202.490005,200.779999,201.479996,190.979538,2737400
7/7/17,202.240005,203.279999,201.259995,202.369995,191.823166,3090400
10/7/17,202.320007,204.580002,202.190002,203.960007,193.330292,2701900
11/7/17,204,206.660004,204,206.270004,195.519913,2815800
12/7/17,206.949997,208.610001,206.320007,206.440002,195.68103,2817400
13/7/17,206.800003,207,205.350006,206.229996,195.481995,1943600
14/7/17,206.800003,208.729996,206.740005,208.509995,197.643158,3229000
17/7/17,208.729996,209.720001,208.559998,209,198.107635,2416000
18/7/17,209.110001,209.190002,207.529999,208.240005,197.387253,1942300
19/7/17,209.429993,210.929993,208.990005,210.880005,199.889618,2258400
20/7/17,211.100006,211.25,209.919998,210.279999,199.320908,2235100
21/7/17,209.990005,212.199997,209.410004,212.139999,201.084,2098400
24/7/17,212,212.639999,211.399994,212.179993,201.121887,2392700
25/7/17,213.220001,214,211.949997,212.460007,201.387299,2889000
26/7/17,223.479996,233.979996,223.020004,233.449997,221.283386,14140000
27/7/17,237.130005,242.679993,236.699997,241,228.439911,10860600
28/7/17,240.820007,242,238.550003,241.270004,228.695831,4602400
31/7/17,241.850006,246.490005,241.820007,242.460007,229.823807,5777300
1/8/17,243.380005,243.990005,239.160004,239.440002,226.961212,5018400
2/8/17,239.059998,241.559998,237.880005,237.949997,225.548843,5119900
3/8/17,237.059998,239.589996,236.039993,238.25,225.833221,5112700
4/8/17,238.580002,239.729996,236.380005,237.710007,225.321365,5590500
7/8/17,237.600006,241.429993,237.210007,240.229996,227.710037,3674700
8/8/17,239.910004,240.520004,238.929993,239.5,227.018097,4871500
9/8/17,238.009995,238.699997,234.100006,234.309998,223.423248,5680400
10/8/17,234.029999,236.160004,231.910004,232.880005,222.059692,6817700
11/8/17,232.759995,235.399994,230.940002,234.880005,223.966751,3461700
14/8/17,236.009995,237.479996,235.720001,237.149994,226.131287,2953500
15/8/17,237.210007,239.639999,236.009995,239.169998,228.057434,2851100
16/8/17,239.699997,240.259995,237.410004,237.589996,226.550827,3012700
17/8/17,237.380005,237.600006,235.25,235.589996,224.643753,2810900
18/8/17,235,237.259995,234.570007,235.770004,224.815414,2939500
21/8/17,235.770004,236.940002,234.350006,235.679993,224.729614,2545400
22/8/17,236.160004,239.889999,236.110001,239.75,228.610458,2915700
23/8/17,239.360001,239.360001,237.190002,238.089996,227.027588,2518300
24/8/17,238.520004,238.899994,236.600006,238.740005,227.6474,2553100
25/8/17,239,239.089996,235.600006,235.889999,224.92984,2270300
28/8/17,236.220001,237.550003,234.610001,237.179993,226.159866,2395000
29/8/17,237.210007,241.169998,236.080002,240.490005,229.316101,3535500
30/8/17,240.990005,241.440002,239,240.460007,229.287506,2801100
31/8/17,241,241.100006,238.410004,239.660004,228.524689,3075800
1/9/17,239.660004,242.529999,239.169998,240.330002,229.163528,3270700
5/9/17,240.300003,240.360001,236.229996,237,225.988251,3866600
6/9/17,237.529999,237.860001,234.339996,234.619995,223.718857,4252700
7/9/17,234.75,236.539993,234.289993,236.309998,225.330307,2994500
8/9/17,235.75,239.389999,235.210007,238.779999,227.685516,3404200
11/9/17,239.5,241.850006,239.309998,240.589996,229.411423,3628100
12/9/17,240.589996,241.710007,238.949997,240.580002,229.401932,2702700
13/9/17,240,243.479996,237.089996,241.929993,230.689194,4529100
14/9/17,243,245.610001,242.5,245.229996,233.835876,4995200
15/9/17,247.360001,249.949997,246.210007,249,237.43071,9033300
18/9/17,249.970001,253.789993,248.910004,253.080002,241.321136,5193000
19/9/17,253.080002,255.169998,251.630005,252.460007,240.729919,4124700
20/9/17,253.259995,256.690002,252.25,255.460007,243.590546,3853200
21/9/17,256.130005,256.98999,254.419998,256.040009,244.143585,2809400
22/9/17,256.309998,259.299988,256.130005,256.450012,244.534531,3475600
25/9/17,256.970001,256.970001,251.5,254.320007,242.50351,3479200
26/9/17,254.600006,256.480011,253.539993,253.699997,241.912292,2173600
27/9/17,255.270004,258.769989,253.970001,255.279999,243.418884,3840100
28/9/17,254.110001,255.800003,251.169998,254.270004,242.455826,2586100
29/9/17,253.850006,255.259995,252.589996,254.210007,242.398621,2531100
2/10/17,254.649994,255.990005,253.529999,255.990005,244.095932,2685100
3/10/17,255.990005,258.26001,254.690002,255.460007,243.590546,3163400
4/10/17,256.119995,257.130005,254.070007,255.759995,243.876587,3031000
5/10/17,255.279999,258.98999,254.779999,258.890015,246.861176,3940200
6/10/17,258,258.899994,257.059998,258.579987,246.565598,2736400
9/10/17,259,259,257.109985,258.390015,246.384415,2146100
10/10/17,259.73999,261.059998,257.200012,260.929993,248.806366,2740700
11/10/17,261.320007,261.649994,259.019989,261.440002,249.292709,2890300
12/10/17,260.950012,262.980011,260,261.910004,249.74086,2577900
13/10/17,262.899994,263.790009,260.73999,260.73999,248.625198,2243900
16/10/17,261.5,262,259.690002,259.75,247.681229,1818900
17/10/17,256.48999,259.049988,256.26001,258.619995,246.603729,2515900
18/10/17,258.470001,260.730011,256.660004,260.040009,247.957748,2051700
19/10/17,258.980011,259.100006,256.029999,259.040009,247.004211,2589200
20/10/17,260.359985,264.829987,259.440002,264.75,252.448898,3955900
23/10/17,265.130005,265.980011,262.140015,262.320007,250.131851,3302400
24/10/17,263.23999,267.209991,263.23999,266,253.640793,4401600
25/10/17,264.779999,266,254.5,258.420013,246.41304,7895300
26/10/17,259.720001,261.440002,257.309998,259.269989,247.223495,3419100
27/10/17,258.26001,259.5,255.800003,256.459991,244.544083,2899200
30/10/17,255.449997,260.410004,255.330002,259.25,247.204468,3025900
31/10/17,259.339996,259.929993,257.470001,257.980011,245.993469,2742800
1/11/17,258.290009,259.410004,256.23999,258.5,246.489304,2929500
2/11/17,258.309998,263.23999,258,262.630005,250.427399,2529900
3/11/17,262.420013,263.790009,260.079987,261.75,249.588303,2610800
6/11/17,262.619995,265.839996,262.529999,264.070007,251.800491,2911600
7/11/17,264.070007,267.279999,264.070007,266.130005,253.76474,3205400
8/11/17,266.140015,267.619995,265.290009,265.570007,253.230789,2841800
9/11/17,265.01001,266.75,259.559998,262.700012,251.840775,3215900
10/11/17,262.109985,262.5,259.600006,260.850006,250.067184,1740600
13/11/17,261.670013,263.359985,260.48999,262.420013,251.572342,2604100
14/11/17,262,262.399994,260.200012,261.76001,250.939606,2358200
15/11/17,261.420013,264.769989,260.149994,262.859985,251.994095,2510500
16/11/17,263.76001,265.040009,263.339996,263.700012,252.799454,2710200
17/11/17,262.820007,263.73999,262.029999,262.26001,251.418945,1724800
20/11/17,263,265.619995,262.76001,264.630005,253.690994,2447400
21/11/17,266.23999,267,264.709991,266.98999,255.953384,2267100
22/11/17,267,267.480011,264.529999,265.149994,254.189484,1471400
24/11/17,265.26001,266.570007,264.529999,265.880005,254.889282,788900
27/11/17,265.380005,266.839996,264.720001,265.579987,254.601624,1772200
28/11/17,267,268.01001,265.230011,267.98999,256.912079,2262100
29/11/17,269.480011,269.679993,266.149994,269.299988,258.167908,3029100
30/11/17,269.910004,277.040009,269.429993,276.799988,265.35788,4820300
1/12/17,277.51001,278.730011,270.600006,271.380005,260.161896,4592500
4/12/17,276.160004,281.829987,276,277.970001,266.479553,5523000
5/12/17,279.01001,279.440002,274.859985,275.540009,264.150024,2806100
6/12/17,276.579987,279.140015,274,278.269989,266.76712,2538100
7/12/17,282.809998,284.790009,277.799988,281.970001,270.314209,4264400
8/12/17,285.01001,287.320007,283.559998,285.899994,274.081757,4440500
11/12/17,286.209991,286.48999,279.899994,283.160004,271.454956,4065200
12/12/17,291.339996,292.799988,287.720001,289.940002,277.954742,5517600
13/12/17,290.5,295.850006,289.700012,291.839996,279.776184,5003300
14/12/17,293.350006,296.820007,292.600006,293.880005,281.731903,3913400
15/12/17,295.869995,297.369995,293.019989,293.940002,281.789398,6933500
18/12/17,296,297.140015,294.519989,296.140015,283.898407,2901600
19/12/17,296.5,297.579987,294.179993,297.25,284.962555,2728400
20/12/17,298.700012,299.329987,297.109985,297.899994,285.585693,2533700
21/12/17,298.049988,298.390015,294.130005,295.029999,282.83429,5398300
22/12/17,296.329987,296.519989,293.01001,295.100006,282.901398,2257400
26/12/17,295.540009,297.440002,294.649994,295.359985,283.150665,1394700
27/12/17,296.410004,296.799988,294.799988,295.619995,283.399902,1447800
28/12/17,295.809998,296.98999,294.73999,296.350006,284.099731,1436800
29/12/17,296.940002,297.299988,294.829987,294.910004,282.719269,1824600
2/1/18,295.75,296.98999,295.399994,296.839996,284.569489,2978900
3/1/18,295.940002,298.5,295.470001,297.799988,285.489807,3211200
4/1/18,297.940002,298.420013,295.470001,296.670013,284.406555,4171700
5/1/18,296.769989,308.890015,296.720001,308.839996,296.073425,6177700
8/1/18,308.660004,310.859985,305.75,310.149994,297.329315,4124900
9/1/18,310.589996,319.910004,310.48999,318.429993,305.266998,5641300
10/1/18,317.48999,322.149994,315.5,320.26001,307.021362,4479300
11/1/18,322.130005,328.399994,321.190002,328.119995,314.556458,4635300
12/1/18,330.380005,336.880005,330.380005,336.209991,322.312012,6559300
16/1/18,339.899994,347.730011,331.329987,335.160004,321.305481,12305500
17/1/18,337.730011,352.230011,336.410004,351.01001,336.500275,9699900
18/1/18,350.700012,350.829987,339.149994,340.160004,326.098785,9458600
19/1/18,341.670013,344,335.75,337.730011,323.769226,7264400
22/1/18,335.290009,341.380005,332.040009,338,324.028107,6792900
23/1/18,338.339996,338.940002,334.809998,335.589996,321.717712,4537800
24/1/18,336.200012,338.98999,334.140015,334.690002,320.854889,4205400
25/1/18,336.209991,343.619995,335.299988,343.109985,328.926788,4747500
26/1/18,344.329987,345.980011,341.25,343.220001,329.032288,5236300
29/1/18,341.230011,344.480011,340.100006,340.820007,326.731506,3324900
30/1/18,339.170013,339.980011,334.160004,337.709991,323.750061,4983100
31/1/18,360.5,360.970001,351.619995,354.369995,339.721344,11409600
1/2/18,352.950012,361.450012,352.040009,356.940002,342.18515,6067600
2/2/18,354,355.200012,348.700012,348.910004,334.487061,5486100
5/2/18,342.670013,350,317.390015,328.880005,315.285065,10511300
6/2/18,320,341.670013,317.649994,340.910004,326.81778,11935100
7/2/18,340.519989,353.589996,339.869995,348.119995,333.729767,7946700
8/2/18,348,349,329.399994,329.660004,317.592834,8295900
9/2/18,333.549988,337.809998,319.25,332.829987,320.64682,8833000
12/2/18,336.570007,347.75,335.130005,343.799988,331.21524,6885000
13/2/18,340.450012,347.880005,340.290009,343.160004,330.598724,4030200
14/2/18,341.339996,347.429993,341.170013,344.850006,332.226807,4340200
15/2/18,348.470001,356.549988,348.049988,356.459991,343.411835,5827500
16/2/18,356.589996,359.5,353.51001,355.040009,342.043854,5211600
20/2/18,352,357.790009,351.399994,353.350006,340.41568,4303400
21/2/18,352.559998,360.809998,351.75,352.369995,339.471527,5258600
22/2/18,354.649994,358.070007,352.640015,355.920013,342.891602,3414300
23/2/18,358.179993,358.769989,353.070007,356.660004,343.604523,3355400
26/2/18,359.5,364.049988,358.209991,363.480011,350.174866,4148100
27/2/18,364.600006,369.890015,363.299988,364.640015,351.29245,4774100
28/2/18,366.799988,371.600006,362.209991,362.209991,348.951355,5472900
1/3/18,362.329987,362.73999,346.399994,349.690002,336.889618,8978000
2/3/18,341.820007,346.089996,335.299988,344.670013,332.053436,10021300
5/3/18,338,354.769989,336.609985,352.75,339.837616,8140200
6/3/18,354.23999,355.209991,346.019989,348.920013,336.147858,4888300
7/3/18,341.519989,348.410004,339.5,347.040009,334.3367,4575700
8/3/18,349.51001,352.5,343.950012,348.730011,335.964783,4319900
9/3/18,352.649994,354.890015,350.230011,354.519989,341.542908,3538300
12/3/18,355.200012,355.230011,343.26001,344.190002,331.591003,6088800
13/3/18,345.320007,347.880005,337.609985,338.670013,326.27301,5443800
14/3/18,339.790009,340.519989,322.299988,330.26001,318.170898,13057900
15/3/18,332.299988,332.920013,322.910004,329.980011,317.901123,8766000
16/3/18,329.820007,330.829987,325.630005,330.470001,318.373199,9329000
19/3/18,327.450012,333.329987,326.779999,331.76001,319.615997,6328900
20/3/18,331.839996,339.700012,331,337.630005,325.271118,6500500
21/3/18,337.070007,341.910004,335.170013,337.100006,324.760529,4056300
22/3/18,330.109985,332.679993,319.01001,319.609985,307.910706,7282200
23/3/18,320.149994,331.140015,318.320007,321,309.249878,7237500
26/3/18,330.480011,331.940002,323.589996,328.970001,316.928101,5392900
27/3/18,331.51001,334.880005,319,321.119995,309.365448,5355500
28/3/18,321.850006,323.23999,311.170013,320.019989,308.305756,5634700
29/3/18,323.380005,330.480011,322,327.880005,315.878052,3652100
2/4/18,325.200012,329.940002,317.170013,322.440002,310.637177,5024900
3/4/18,324.76001,331.100006,323.089996,330.820007,318.710419,4783100
4/4/18,312.299988,327.809998,311.880005,327.440002,315.454132,8235700
5/4/18,330.589996,338.959991,330.26001,336.399994,324.086121,6220000
6/4/18,330.609985,334.589996,322.209991,326.119995,314.182434,5713600
9/4/18,332.25,334.880005,322.049988,322.480011,310.67569,4931700
10/4/18,331.350006,336.690002,329.549988,334.829987,322.573578,5552000
11/4/18,331.600006,337.570007,326.309998,327.359985,315.377014,4573500
12/4/18,331.980011,338.350006,330.459991,337.480011,325.126617,4325000
13/4/18,338.98999,339.670013,326.600006,329.279999,317.226776,4733500
16/4/18,332.339996,333.220001,327.630005,331.769989,319.62561,3901400
17/4/18,334.730011,339.73999,333.649994,336.720001,324.394409,3381800
18/4/18,338.329987,342.399994,337.179993,341,328.517761,3117500
19/4/18,340.190002,342.410004,337.5,340.640015,328.17099,3006800
20/4/18,340.730011,341.399994,335.049988,338.670013,326.27301,3038000
23/4/18,339.549988,341.26001,336,338.839996,326.436798,2765600
24/4/18,343.170013,347.670013,323.279999,329.059998,317.014771,7051800
25/4/18,338.119995,344.910004,330.519989,342.859985,330.309631,11023600
26/4/18,344.01001,345.649994,338.329987,342.790009,330.242188,5273600
27/4/18,341.25,342.920013,337.769989,340.880005,328.40213,3390400
30/4/18,341.170013,342.579987,333.399994,333.559998,321.350098,3721600
1/5/18,332.5,333.910004,324.179993,329.540009,317.477234,4313100
2/5/18,329.5,330.709991,323.980011,324.190002,312.32309,3436100
3/5/18,322.970001,332.630005,319.130005,330.690002,318.585175,6383200
4/5/18,328.040009,335.890015,328.040009,334.429993,322.188171,3655100
7/5/18,335.230011,342.980011,335.209991,340.429993,327.968597,4192200
8/5/18,339.769989,341.940002,336.609985,338.369995,325.984009,4014100
9/5/18,339.48999,346.929993,338.579987,344.5,331.889679,4347000
10/5/18,343.98999,348.570007,342.410004,344.070007,333.128937,3920400
11/5/18,343.769989,345.420013,341.049988,342.459991,331.570099,2332200
14/5/18,344,347.73999,343.890015,344.589996,333.632385,2520300
15/5/18,343,343.850006,340.26001,342.119995,331.240936,3009100
16/5/18,342,343.559998,340.299988,340.970001,330.127502,2230100
17/5/18,340.470001,344.769989,340.25,344.140015,333.196686,2483300
18/5/18,345.600006,352.049988,345.190002,351.230011,340.061249,4327700
21/5/18,358.459991,365,358.450012,363.920013,352.347748,6785400
22/5/18,364,364.850006,354.519989,355.019989,343.730743,5389400
23/5/18,352.279999,359.600006,351.619995,359.209991,347.787476,4497500
24/5/18,358.450012,360.660004,354.369995,359,347.584167,3932100
25/5/18,358.119995,360.600006,357.049988,360.089996,348.639496,2463700
29/5/18,357.709991,360.970001,350.660004,352.480011,341.271515,4249600
30/5/18,355.649994,358.920013,354.100006,358.190002,346.799896,2825200
31/5/18,356.829987,356.829987,351.619995,352.160004,340.9617,4406300
1/6/18,355.790009,358.149994,354.459991,356.720001,345.376678,2657800
4/6/18,358.970001,363.390015,358.850006,360.730011,349.259125,2950300
5/6/18,360.5,363.369995,358.850006,360.100006,348.64917,2567800
6/6/18,362.459991,371.600006,360.98999,371.559998,359.744781,4488400
7/6/18,372,374.480011,366.049988,368.529999,356.811127,4517800
8/6/18,368.140015,371.420013,365.459991,369.5,357.750244,3292900
11/6/18,371,373.329987,368.799988,370.940002,359.144501,2468500
12/6/18,371.23999,372.730011,367.98999,370.619995,358.834686,2440400
13/6/18,370.670013,371,363.290009,363.850006,352.279938,3867600
14/6/18,366.149994,367.640015,358.829987,362.420013,350.895416,4039500
15/6/18,358.149994,361.660004,353.470001,357.880005,346.499786,9946000
18/6/18,353.190002,357.649994,352.369995,354.73999,343.459595,3363200
19/6/18,347.170013,347.170013,338.570007,341.119995,330.272736,6857300
20/6/18,346,346.980011,340.459991,342.690002,331.792786,4540000
21/6/18,341.149994,341.149994,336.200012,337.660004,326.92276,4048300
22/6/18,340.429993,340.940002,336.600006,338.910004,328.133026,3192000
25/6/18,332.519989,333.850006,327.600006,331.200012,320.668243,5006200
26/6/18,332.390015,334.399994,330.480011,331.299988,320.765015,3112400
27/6/18,334.850006,341.420013,329.76001,329.820007,319.332092,4578900
28/6/18,330,337.540009,327.290009,334.649994,324.008484,3348000
29/6/18,337.190002,340,335.359985,335.51001,324.841125,3108500
2/7/18,330.690002,336.329987,329.320007,336.079987,325.393005,2820700
3/7/18,338.179993,339.690002,332,332.929993,322.34314,1464400
5/7/18,336.149994,337.279999,329.100006,333.179993,322.585205,2427900
6/7/18,332.839996,336.100006,330.450012,334.640015,323.99881,2105100
9/7/18,337.5,343.040009,336.51001,341.920013,331.047302,3128700
10/7/18,342.779999,348,342.779999,347.160004,336.120667,3278300
11/7/18,341.730011,344.390015,339.190002,340.600006,329.769257,3056900
12/7/18,345.279999,346.600006,342.73999,346.029999,335.026581,2030700
13/7/18,347,351.23999,346.200012,350.790009,339.635254,2272300
16/7/18,353.970001,356.339996,352.350006,356.100006,344.776428,2889000
17/7/18,357.609985,359,355.040009,356.880005,345.531586,2730500
18/7/18,359,361.859985,354.26001,360.230011,348.775055,3090100
19/7/18,357.690002,359.390015,355.26001,355.329987,344.030853,2711700
20/7/18,353.040009,356.98999,353,354.899994,343.614563,1816700
23/7/18,355,355,352.390015,353.269989,342.036407,1943700
24/7/18,356.75,359.470001,354.640015,358.269989,346.87735,3182000
25/7/18,351.519989,356.299988,345.5,355.920013,344.602112,7378100
26/7/18,355.380005,360.200012,355.269989,359.320007,347.893982,3191200
27/7/18,361.059998,364.540009,359.470001,360.649994,349.181702,2914700
30/7/18,361.98999,362.450012,350.470001,351.059998,339.896667,3080400
31/7/18,354.380005,359.019989,354.059998,356.299988,344.970062,2728400
1/8/18,354.089996,357.910004,350.5,352.76001,341.542633,2717800
2/8/18,348.619995,350.730011,346.029999,349.730011,338.608948,2655900
3/8/18,349.5,350.98999,345.670013,348.440002,337.359955,2285200
6/8/18,347.369995,347.369995,343.119995,346.570007,335.549438,3251100
7/8/18,348.049988,352.119995,345.5,350.76001,339.606201,2267400
8/8/18,350.5,351.619995,346.25,347.779999,336.720917,2333600
9/8/18,346.070007,346.839996,343.119995,343.720001,334.434448,2301800
10/8/18,341,341,336.450012,339.410004,330.240875,2745700
13/8/18,339.600006,342.149994,337.339996,338.359985,329.219177,1877200
14/8/18,339.119995,340.149994,337.619995,339.140015,329.97818,2017300
15/8/18,336.570007,337.140015,328.029999,331.76001,322.797546,3798600
16/8/18,339.059998,347.720001,338.299988,345.980011,336.633392,5867900
17/8/18,346,348.5,341.670013,346.399994,337.042023,3069200
20/8/18,348.600006,352.609985,347.100006,350.73999,341.264771,3018200
21/8/18,351,354.450012,349.630005,353.769989,344.212952,2967200
22/8/18,354.320007,355.869995,349.839996,350.029999,340.574005,2682900
23/8/18,349.149994,350.279999,345.459991,347.480011,338.092865,1833400
24/8/18,348.769989,350.630005,348.100006,349.380005,339.941528,1954100
27/8/18,352.109985,355,351.01001,353.73999,344.183746,2279500
28/8/18,355,355.679993,350.609985,351.209991,341.722076,2475100
29/8/18,352.26001,352.350006,349.209991,350.190002,340.729645,1850100
30/8/18,350.350006,350.950012,345.75,346.899994,337.528534,3257700
31/8/18,345.049988,345.850006,341.579987,342.790009,333.529541,3462700
4/9/18,341.600006,346.320007,339.279999,346.25,336.896057,2699400
5/9/18,345.769989,347.25,343.160004,346.679993,337.314453,2959000
6/9/18,347.549988,353.350006,346.579987,351.269989,341.780457,3585900
7/9/18,348.820007,350.01001,344.459991,349.279999,339.844208,3921900
10/9/18,349.48999,350.75,341.679993,341.859985,332.624664,3065500
11/9/18,339.01001,346.619995,337.309998,345.25,335.923065,2731800
12/9/18,345,355.040009,344.609985,353.410004,343.862671,4003800
13/9/18,356.359985,360.420013,354.299988,355.459991,345.8573,3166500
14/9/18,356.440002,362.26001,356.100006,359.799988,350.080048,2835800
17/9/18,359.279999,361.299988,354.540009,355.959991,346.34375,2554500
18/9/18,357.299988,365.809998,356.100006,363.579987,353.757874,3003500
19/9/18,363.579987,371.230011,363.190002,365.220001,355.353638,4753400
20/9/18,368.73999,371.730011,365.670013,367.459991,357.533081,4011100
21/9/18,369.399994,372.570007,366.049988,372.230011,362.174255,7144000
24/9/18,371,371.890015,367.329987,367.98999,358.048767,2800200
25/9/18,369.079987,370.459991,366.880005,367.230011,357.309357,2969200
26/9/18,367.5,368.559998,364.320007,365.029999,355.168732,2368600
27/9/18,368.399994,368.970001,364.399994,367.390015,357.464996,2355900
28/9/18,368.630005,374.220001,366.220001,371.899994,361.853149,3600500
1/10/18,375.160004,383.209991,375,382.290009,371.962463,4755700
2/10/18,380.850006,388.619995,379.769989,386.369995,375.932251,4622600
3/10/18,388.899994,394.279999,386.690002,392.299988,381.702026,4794300
4/10/18,390.73999,391.089996,385.290009,389.98999,379.454437,3822300
5/10/18,389,392.390015,383.029999,386.470001,376.029572,2899700
8/10/18,383.839996,386.730011,377.350006,385.769989,375.34845,3324000
9/10/18,384.369995,386.820007,381.140015,385.440002,375.027374,2862700
10/10/18,382.959991,383.799988,367.089996,367.470001,357.542816,6033100
11/10/18,363.440002,369.850006,355.100006,358.109985,348.435669,6266800
12/10/18,366.01001,367.119995,352.26001,360.109985,350.381653,5509700
15/10/18,359.459991,362.549988,355.5,358.880005,349.184906,2979800
16/10/18,360.450012,368.570007,358.549988,368.25,358.301758,2822500
17/10/18,368,368.5,362.700012,365.5,355.626038,2238200
18/10/18,364.820007,367.76001,356.76001,359.350006,349.642212,3254900
19/10/18,359.799988,359.869995,354.209991,356.26001,346.635681,3491600
22/10/18,357.850006,358.76001,352.459991,355.980011,346.363251,2263500
23/10/18,349.5,353.559998,342.829987,350.049988,340.593445,4389600
24/10/18,361.589996,364.600006,351.690002,354.649994,345.069153,8442600
25/10/18,357.299988,364.390015,354.970001,363.769989,353.94278,4003500
26/10/18,360.700012,363.299988,354.119995,359.269989,349.564362,4073000
29/10/18,360.549988,361.709991,328.630005,335.589996,326.524078,7462000
30/10/18,330.350006,351.049988,329.769989,349.910004,340.457214,5774000
31/10/18,352.51001,363.410004,352.51001,354.859985,345.273468,4175600
1/11/18,357.470001,364.570007,353.200012,363.070007,353.261688,3760700
2/11/18,366.970001,371.540009,356.76001,357.75,348.085419,4029800
5/11/18,359.76001,363.290009,356.480011,361.980011,352.201172,2253900
6/11/18,362.410004,368.440002,362.109985,366.470001,356.569855,2471900
7/11/18,367.640015,372.850006,359.5,372.019989,361.96991,4015300
8/11/18,369.329987,373.700012,365.549988,370.769989,362.419586,2751800
9/11/18,367.829987,371,366.119995,369.339996,361.021759,2590300
12/11/18,370.209991,370.480011,355.98999,357.029999,348.989044,3088700
13/11/18,349.549988,355.380005,342.040009,349.51001,341.638397,4960000
14/11/18,352.089996,355.850006,343.890015,344.720001,336.956268,3445800
15/11/18,341.119995,347.980011,336.51001,341.570007,333.877197,4863000
16/11/18,339,340.190002,331.160004,335.950012,328.383789,4425200
19/11/18,335.549988,336.040009,317.200012,320.940002,313.711823,6782800
20/11/18,302.100006,322.179993,296.609985,317.700012,310.5448,6875900
21/11/18,325.070007,326.890015,315.570007,317.320007,310.17334,4401000
23/11/18,315,317,311.869995,312.320007,305.28598,1599400
26/11/18,315.559998,318.589996,310.660004,316.359985,309.234955,3362300
27/11/18,315.279999,318.559998,310.959991,318.029999,310.867371,2946400
28/11/18,325.720001,334.01001,321.730011,333.5,325.988953,6117600
29/11/18,335.970001,343.230011,334.059998,342.559998,334.84491,5331900
30/11/18,341.940002,347.579987,337.5,346.76001,338.950287,5374000
3/12/18,364.309998,369,356.369995,359.959991,351.853027,6573400
4/12/18,357,358.320007,341.73999,342.5,334.786255,5199100
6/12/18,329.98999,333.630005,317.299988,331.899994,324.424988,9297400
7/12/18,332.350006,337.609985,321.390015,323.220001,315.940491,4526300
10/12/18,321.269989,327.200012,315.51001,326.350006,319,4400500
11/12/18,333.25,334.48999,318.75,322.029999,314.777283,3566400
12/12/18,327.380005,331.899994,324.660004,326.690002,319.332336,3424800
13/12/18,328.399994,328.73999,324.170013,325.470001,318.139832,2247700
14/12/18,322.450012,323.910004,315.559998,318.75,311.571136,3298400
17/12/18,316.910004,327.220001,314.440002,316.130005,309.010162,4968400
18/12/18,325.459991,332.089996,323.200012,328.059998,320.671478,5881100
19/12/18,329.329987,333.480011,316.100006,319.549988,312.353149,4871500
20/12/18,317,321.820007,308,313.049988,305.999512,5368600
21/12/18,309.089996,314.970001,304.01001,304.549988,297.690948,7641700
24/12/18,300.649994,303,294.160004,294.160004,287.534973,3435300
26/12/18,298.609985,314.089996,292.470001,313.929993,306.859711,4843400
27/12/18,309.040009,317.140015,302.23999,317.140015,309.997406,4341100
28/12/18,319.73999,321.529999,315.149994,316.380005,309.254547,3725200
31/12/18,320.5,323.640015,318.75,322.5,315.236725,3557700
2/1/19,316.190002,323.950012,313.709991,323.809998,316.517212,3292200
3/1/19,319.48999,319.73999,309.399994,310.899994,303.897919,5705600
4/1/19,316.690002,328.440002,316.079987,327.079987,319.713531,4448800
7/1/19,330.519989,330.690002,323.350006,328.109985,320.720306,4030300
8/1/19,334.109985,341.25,332.649994,340.529999,332.860657,4736500
9/1/19,342.959991,347.200012,340.869995,343.829987,336.086273,4213900
10/1/19,346.51001,353.470001,343,352.609985,344.668549,5358100
11/1/19,348.559998,354.359985,348.089996,352.899994,344.952026,3158900
14/1/19,348.200012,352.809998,347.01001,350.359985,342.469238,2476400
15/1/19,352,353.320007,347.980011,352.23999,344.306854,2940900
16/1/19,352.5,355,351.559998,352.059998,344.130951,2731100
17/1/19,350.75,363.829987,350.730011,359.089996,351.002594,4270400
18/1/19,363.880005,367.320007,361.320007,364.730011,356.515594,4256500
22/1/19,362.859985,364.200012,354.230011,357.899994,349.839417,4336500
23/1/19,361.910004,362.200012,353.670013,358.609985,350.533386,2924900
24/1/19,358.910004,363.179993,356.899994,358.269989,350.20108,2801300
25/1/19,362.48999,366.940002,360.329987,364.200012,355.997559,3185600
28/1/19,360.649994,363.170013,357.5,362.970001,354.795227,3128900
29/1/19,363.070007,367.779999,362.410004,364.910004,356.691589,3202700
30/1/19,387.399994,391.970001,380.5,387.720001,378.987793,12705300
31/1/19,387.160004,388.98999,382.079987,385.619995,376.93512,6878500
1/2/19,386.109985,392.799988,384.730011,387.429993,378.704346,5625700
4/2/19,388.970001,397.070007,388.119995,397,388.058838,4256600
5/2/19,400.75,410.75,399.549988,410.179993,400.941956,7230400
6/2/19,411.51001,413.880005,405.660004,411.109985,401.850983,5356000
7/2/19,407.929993,410.350006,402.290009,405.170013,398.034454,5211400
8/2/19,400,404.959991,397.799988,404.910004,397.779053,4570900
11/2/19,408.100006,409.829987,402.690002,403.950012,396.835968,3046900
12/2/19,407,411.209991,405.399994,410.720001,403.486725,3263300
13/2/19,412.519989,412.720001,407.670013,410.579987,403.349152,3078700
14/2/19,408.929993,412.220001,407.799988,409.820007,402.60257,2724300
15/2/19,412.480011,418.049988,411.429993,417.970001,410.609039,4017300
19/2/19,415.5,417.940002,414.540009,416.26001,408.929169,3051500
20/2/19,417.140015,421.839996,417.109985,421.549988,414.125977,3990100
21/2/19,421.579987,422.410004,415.679993,417.579987,410.225891,2880500
22/2/19,419.700012,424.470001,419.140015,424.049988,416.58194,3132300
25/2/19,427.48999,429.920013,426.519989,426.869995,419.352295,3276100
26/2/19,426,429,424.25,426.769989,419.254028,2503700
27/2/19,427.170013,436.329987,427.149994,435.440002,427.771393,4603800
28/2/19,438.700012,441.420013,437.079987,439.959991,432.211761,5063100
1/3/19,446.01001,446.01001,440.190002,440.619995,432.860138,5124200
4/3/19,443.220001,444.5,426.630005,432.690002,425.069763,5971000
5/3/19,431.040009,433.850006,428.640015,430.119995,422.545074,2844300
6/3/19,429.700012,432,422.079987,424.459991,416.984741,4159400
7/3/19,423.359985,434.350006,416.440002,422.559998,415.118195,4893600
8/3/19,416.769989,423.429993,415.5,422.540009,415.098572,3794900
11/3/19,371.269989,402.670013,365.549988,400.01001,392.965332,34742200
12/3/19,384.709991,390,368,375.410004,368.798553,36922600
13/3/19,378.429993,381.769989,363.329987,377.140015,370.498108,32662300
14/3/19,374.98999,380.390015,372.100006,373.299988,366.725739,13514100
15/3/19,370.880005,385.709991,366.450012,378.98999,372.315521,26697700
18/3/19,370,373.070007,367.200012,372.279999,365.723694,13119200
19/3/19,371.140015,378.769989,371.01001,373.429993,366.853424,9856100
20/3/19,374.700012,380.799988,373.679993,376.160004,369.53537,8737600
21/3/19,374.040009,377,372.230011,372.700012,366.136322,6951000
22/3/19,368.790009,369.859985,361.529999,362.170013,355.791748,10143900
25/3/19,365,371.209991,362.890015,370.459991,363.935699,7939600
26/3/19,375.579987,375.600006,367.600006,370.380005,363.857178,6479700
27/3/19,371.890015,376.660004,365.549988,374.209991,367.61972,9600000
28/3/19,376.600006,376.660004,372.329987,374.440002,367.845642,4921300
29/3/19,376.519989,382.179993,374.73999,381.420013,374.702728,7694700
1/4/19,385.799988,392.899994,383.100006,391.540009,384.644531,7735700
2/4/19,388.5,394.829987,388.5,390.75,383.868408,6401000
3/4/19,389.679993,391.540009,384.070007,384.73999,377.964233,7350300
4/4/19,385.98999,397.059998,385.100006,395.859985,388.888397,9388100
5/4/19,398.070007,398.660004,390.950012,391.929993,385.027649,6857200
8/4/19,376.200012,379.799988,371.859985,374.519989,367.924225,14482600
9/4/19,370.290009,372.23999,367.75,369.040009,362.540741,7980100
10/4/19,368.399994,368.790009,362.920013,364.940002,358.51297,8285000
11/4/19,364.619995,371.079987,364.209991,370.160004,363.641022,6598400
12/4/19,375.75,379.950012,372,379.640015,372.954102,7334600
15/4/19,376.700012,377.899994,373.679993,375.459991,368.847687,3822100
16/4/19,376.51001,384.640015,375.029999,381.720001,374.997467,7083800
17/4/19,384.100006,384.190002,377.480011,377.519989,370.871399,4424400
18/4/19,377.519989,382.170013,377.519989,380.070007,373.376495,4703100
22/4/19,375.690002,378.950012,374.899994,375.170013,368.562805,4147700
23/4/19,375.540009,376.869995,372.609985,374.019989,367.433044,4894500
24/4/19,377.890015,381.149994,373.660004,375.459991,368.847687,9855100
25/4/19,376.01001,384.799988,372.76001,382.799988,376.05838,6615000
26/4/19,383.890015,384,378.140015,380.790009,374.083832,4259600
29/4/19,378.48999,385.299988,376.76001,379.049988,372.374451,5457300
30/4/19,379.5,381.140015,375.049988,377.690002,371.038422,3732800
1/5/19,378.529999,381.200012,376.380005,376.799988,370.164093,2765600
2/5/19,375.5,377.649994,373.25,375.799988,369.181702,2438800
3/5/19,376.079987,377.899994,374.220001,376.459991,369.830078,2953800
6/5/19,367.880005,372.480011,365.630005,371.600006,365.055664,4747600
7/5/19,366.329987,367.709991,355.019989,357.230011,350.938751,9740300
8/5/19,357.769989,361.519989,353.329987,359.75,353.414368,6030000
9/5/19,354.76001,355.649994,347.470001,354.130005,349.892029,6075200
10/5/19,351.869995,355.540009,347.549988,354.670013,350.425537,4574100
13/5/19,344.51001,346.630005,337,337.369995,333.332581,7757800
14/5/19,339.899994,346.100006,337.230011,343.040009,338.934753,4747800
15/5/19,339.799988,348.799988,337.640015,345.640015,341.503632,4810000
16/5/19,348.640015,356.5,345.820007,353.809998,349.575836,6036500
17/5/19,351.5,359.98999,351.160004,355.019989,350.771362,5282900
20/5/19,353,355.940002,350.529999,352.790009,348.568054,3219900
21/5/19,358.029999,360.769989,354.880005,358.75,354.456726,4022600
22/5/19,357.220001,357.570007,351.75,352.779999,348.558167,3841400
23/5/19,345.920013,351.470001,341.149994,350.549988,346.354858,5305400
24/5/19,355,361.399994,353,354.899994,350.652802,5387500
28/5/19,355.290009,359.309998,354.880005,354.880005,350.633057,3504300
29/5/19,352.589996,352.790009,346.049988,348.799988,344.625763,4160500
30/5/19,350,351.920013,347.940002,349.869995,345.682983,2183900
31/5/19,345.850006,345.850006,341.359985,341.609985,337.52182,3217600
3/6/19,338.200012,339.109985,330.670013,338.890015,334.834412,5148000
4/6/19,342.570007,346.410004,340.119995,344.619995,340.495819,3592300
5/6/19,346.220001,353.25,332.48999,348.75,344.576385,3188400
6/6/19,348.179993,351.640015,345.579987,350.640015,346.443817,2582300
7/6/19,352.299988,355.279999,352.299988,353.700012,349.467163,2470700
10/6/19,356,357.399994,353.549988,353.799988,349.565948,2560800
11/6/19,355.420013,355.470001,348.130005,349.329987,345.149445,2702700
12/6/19,349,349.269989,342.799988,347.029999,342.876984,2737000
13/6/19,347.25,349.059998,344.100006,348.859985,344.685059,2621300
14/6/19,348,349.170013,345.890015,347.160004,343.005432,2258400
17/6/19,348.619995,356.049988,347.049988,354.899994,350.652802,3746400
18/6/19,357.609985,374.649994,357.600006,373.959991,369.48468,9199200
19/6/19,375.399994,379.309998,368.350006,368.559998,364.149323,5716000
20/6/19,373,375.790009,368.959991,374.880005,370.393677,3794500
21/6/19,374.390015,376.109985,371.720001,371.839996,367.390076,4923700
24/6/19,372.950012,375.48999,372.100006,373.98999,369.514313,2323200
25/6/19,374.75,375.25,368.029999,369.320007,364.900238,3005400
26/6/19,371.019989,378.980011,370,374.940002,370.452972,4542000
27/6/19,367.540009,369.929993,362.350006,364.019989,359.663635,8980000
28/6/19,363.920013,366.230011,361.570007,364.01001,359.653778,4737100
1/7/19,364.880005,365.230011,353.320007,356.459991,352.194122,6409600
2/7/19,355.630005,356.779999,352.690002,354.160004,349.921631,3774700
3/7/19,354.5,354.850006,352.26001,354.470001,350.227936,2164900
5/7/19,354,357.25,351.429993,355.859985,351.601288,3208200
8/7/19,350.410004,352.959991,349.399994,351.119995,346.91803,3262300
9/7/19,349.049988,353.850006,347.899994,353.089996,348.864471,4828200
10/7/19,354.48999,356.519989,351.25,352.299988,348.083893,2946700
11/7/19,352.619995,359.26001,350.700012,359,354.703735,5059200
12/7/19,360,365.450012,358.140015,365.329987,360.957977,3592800
15/7/19,360.5,362.850006,359.019989,361.609985,357.282471,4814600
16/7/19,361.26001,365.350006,361.200012,362.75,358.408844,2960400
17/7/19,362.75,369.75,362,369.519989,365.097809,4010000
18/7/19,367.600006,368.450012,359.75,361.109985,356.788452,4615200
19/7/19,370.670013,378.399994,368.5,377.359985,372.843994,9504000
22/7/19,376.940002,382.480011,371.890015,373.420013,368.951172,4265100
23/7/19,374.269989,376.429993,370.679993,373.070007,368.605347,3354900
24/7/19,370.279999,371.359985,360.029999,361.429993,357.104645,7447900
25/7/19,356.179993,357.690002,345.709991,348.089996,343.924286,9663700
26/7/19,346.200012,348.429993,342,345,340.871277,4441100
29/7/19,344.98999,346.079987,339.109985,340.209991,336.138611,4116600
30/7/19,339.839996,347.48999,336.559998,347.459991,343.301819,4528000
31/7/19,348.48999,351.290009,341.049988,341.179993,337.096985,5219700
1/8/19,341.910004,344.290009,333,334.290009,330.289459,6465300
2/8/19,334.559998,340.540009,332.320007,339.559998,335.496368,4675400
5/8/19,332.459991,333.369995,326.959991,331.059998,327.098083,5876100
6/8/19,333.98999,335.700012,329.140015,332.450012,328.471466,3653300
7/8/19,328.600006,333.649994,324.570007,331.380005,327.414276,4187600
8/8/19,331.299988,336.429993,328.859985,336.350006,334.398499,3673000
9/8/19,334.059998,339.079987,333.170013,337.549988,335.591522,2995000
12/8/19,333.679993,336.01001,331.369995,332.940002,331.008301,2542500
13/8/19,331.820007,337.399994,330.5,332.859985,330.928741,3689700
14/8/19,328.350006,329.540009,320.410004,320.420013,318.560944,5110400
15/8/19,323,328.070007,319.549988,328,326.096954,4721800
16/8/19,330.220001,331.160004,326.480011,330.450012,328.532745,3866600
19/8/19,334.179993,335.910004,331.399994,333.779999,331.843414,2335600
20/8/19,332.470001,333.5,328.880005,331.75,329.825195,2039000
21/8/19,335.480011,342.579987,333.209991,339.98999,338.017365,3265600
22/8/19,342.429993,356.440002,341.01001,354.410004,352.353729,8320900
23/8/19,355.350006,369.690002,354.350006,356.01001,353.944458,11518700
26/8/19,365.040009,367.339996,356.890015,359.040009,356.956879,4661100
27/8/19,359.420013,361.309998,353.619995,354.730011,352.671875,3740300
28/8/19,353.309998,360.190002,351.179993,359.970001,357.88147,2402000
29/8/19,363.850006,366.040009,360.170013,362.73999,360.635376,2717500
30/8/19,364.369995,366.369995,362.399994,364.089996,361.97757,3147000
3/9/19,354.109985,355.320007,350.609985,354.420013,352.363678,4272200
4/9/19,357.679993,358.029999,354.429993,356.529999,354.461426,2737100
5/9/19,360.140015,364.709991,359.130005,360.299988,358.209534,3643300
6/9/19,361.609985,364.910004,359.119995,363,360.89389,3022600
9/9/19,357.980011,360.929993,354.730011,358.779999,356.698364,4183300
10/9/19,359,369.48999,358.549988,369.48999,367.346222,4547200
11/9/19,368.73999,383.5,368,382.940002,380.718201,8437000
12/9/19,383.709991,384,374.309998,375.630005,373.450623,4495300
13/9/19,377.390015,381.75,377.049988,379.76001,377.556641,3628900
16/9/19,378.140015,381.630005,375,378.850006,376.651917,3055500
17/9/19,378.410004,385.309998,377.799988,384.200012,381.970886,3269500
18/9/19,383.25,386.73999,379.799988,386.410004,384.16806,4186400
19/9/19,386.140015,388.519989,382.899994,384.440002,382.209503,2928800
20/9/19,384.109985,384.730011,377.920013,379.390015,377.188812,6643000
23/9/19,376.609985,380.100006,374.420013,377.029999,374.842468,2674900
24/9/19,379.540009,381.890015,375.309998,381.649994,379.435669,3533300
25/9/19,384.910004,391,383.100006,386.200012,383.95929,4705500
26/9/19,387.100006,388.230011,383.329987,386.890015,384.645294,2520400
27/9/19,388.190002,389.690002,381.309998,382.859985,380.638641,2730800
30/9/19,383,383.769989,376.690002,380.470001,378.262512,3183300
1/10/19,381.700012,382.850006,374.630005,374.940002,372.764618,2943800
2/10/19,371.850006,372.98999,363.769989,367.359985,365.228577,3698300
3/10/19,366.209991,372.25,363.230011,372.070007,369.911255,2623900
4/10/19,372.25,376.130005,371.720001,375.700012,373.520203,2008400
7/10/19,374.059998,378.149994,373.059998,376.540009,374.355347,1931800
8/10/19,371.049988,377.339996,368.640015,374.100006,371.929474,4030200
9/10/19,376,377.859985,373.5,374.959991,372.784485,2774100
10/10/19,373.700012,374.540009,370.329987,371,368.847473,2723700
11/10/19,373,376.940002,370.079987,374.920013,372.744751,3935400
14/10/19,374.25,378.700012,372.679993,373.179993,371.014801,2124500
15/10/19,372.579987,373.529999,370.529999,370.959991,368.807678,2836600
16/10/19,370.220001,377.420013,369.23999,372.429993,370.269165,3657100
17/10/19,372.420013,373.799988,369.059998,369.059998,366.918732,2397100
18/10/19,369,369.350006,344,344,342.00412,13544300
21/10/19,332.890015,334.23999,324.399994,331.059998,329.139191,15493100
22/10/19,336.070007,341.480011,334.459991,337,335.044739,7949700
23/10/19,345,350.799988,336.5,340.5,338.524414,10960800
24/10/19,341.700012,345.73999,337.769989,344.549988,342.550903,5382700
25/10/19,342.920013,343.369995,338.899994,339.829987,337.858307,4058000
28/10/19,341.5,344.980011,339.48999,340.880005,338.902222,3234500
29/10/19,340.190002,349.720001,339.220001,348.929993,346.905518,6113600
30/10/19,346.630005,350,343.269989,346.059998,344.052155,3997600
31/10/19,344.700012,346.059998,339.450012,339.910004,337.937866,3868400
1/11/19,340.589996,345.190002,339.5,345.190002,343.187225,3538200
4/11/19,346.459991,351.450012,346.049988,351.089996,349.052979,3703000
5/11/19,355.230011,361.609985,353.190002,358.290009,356.211212,5468900
6/11/19,358.859985,359.399994,353.130005,354.190002,352.13501,3815700
7/11/19,356.119995,359.399994,355.049988,357.309998,357.309998,2834500
8/11/19,356.399994,357,350.549988,351,351,3218200
11/11/19,349.040009,369.75,345.559998,366.959991,366.959991,11483400
12/11/19,366.48999,367.109985,360.01001,362.880005,362.880005,5769700
13/11/19,361.869995,366.619995,361.119995,362.5,362.5,3453700
14/11/19,363.100006,368.480011,361.480011,367.440002,367.440002,5339600
15/11/19,370,373.480011,369.299988,371.679993,371.679993,5493100
18/11/19,371.670013,375.600006,367.899994,369.459991,369.459991,3823800
19/11/19,373.51001,374.829987,361.609985,367,367,6670200
20/11/19,366,370.98999,365.75,370.910004,370.910004,3774800
21/11/19,369.75,370.76001,366.26001,366.440002,366.440002,2703800
22/11/19,368.269989,373.549988,366.609985,371.339996,371.339996,3915700
25/11/19,372.519989,374.299988,369.200012,373.130005,373.130005,3324400
26/11/19,373.660004,374.769989,371.359985,373.51001,373.51001,2859000
27/11/19,369.959991,371.829987,366.799988,368,368,4145000
29/11/19,367.5,368.299988,366.179993,366.179993,366.179993,1390900
2/12/19,367.079987,367.380005,355.160004,355.179993,355.179993,4794500
3/12/19,352.089996,355.559998,347.609985,352.079987,352.079987,4683500
4/12/19,354.700012,355.290009,348.820007,348.839996,348.839996,3014200
5/12/19,350.220001,350.420013,345.589996,345.679993,345.679993,4719600
6/12/19,347.73999,354.399994,347.109985,354.089996,354.089996,2856100
9/12/19,352.670013,353.600006,349.570007,351.209991,351.209991,2844600
10/12/19,350.149994,351.399994,347.450012,347.899994,347.899994,2920900
11/12/19,342.100006,350.029999,338.5,350,350,7369100
12/12/19,348.25,351.070007,341,346.290009,346.290009,5970000
13/12/19,346.299988,349.309998,341.100006,341.670013,341.670013,4526300
16/12/19,328.529999,336.230011,326.429993,327,327,16488200
17/12/19,322.059998,330.950012,320.609985,327,327,13526400
18/12/19,328.720001,335.25,328.140015,330.679993,330.679993,7029300
19/12/19,332.899994,334.809998,330.980011,333.5,333.5,5492600
20/12/19,334.619995,335.5,328,328,328,9489400
23/12/19,336.75,340.589996,334.200012,337.549988,337.549988,9534800
24/12/19,339.51001,339.75,332.619995,333,333,4120100
26/12/19,332.700012,333.359985,329.299988,329.920013,329.920013,4593400
27/12/19,330.200012,333.649994,329.170013,330.140015,330.140015,4124000
30/12/19,330.5,330.630005,325.709991,326.399994,326.399994,4525500
31/12/19,325.410004,326.570007,323.320007,325.76001,325.76001,4958800
2/1/20,328.549988,333.350006,327.700012,333.320007,333.320007,4544400
3/1/20,330.630005,334.890015,330.299988,332.76001,332.76001,3875900
6/1/20,329.299988,334.859985,327.880005,333.73999,333.73999,5355000
7/1/20,334.26001,344.190002,330.709991,337.279999,337.279999,9898600
8/1/20,332.399994,334.029999,329.600006,331.369995,331.369995,8239200
9/1/20,334.950012,341.730011,332.049988,336.339996,336.339996,8175600
10/1/20,335.559998,337.700012,329.450012,329.920013,329.920013,7161700
13/1/20,332.399994,334.100006,330.079987,330.220001,330.220001,5648500
14/1/20,330.76001,335.350006,328.279999,332.350006,332.350006,6945300
15/1/20,332.350006,333.109985,329.690002,329.799988,329.799988,4578300
16/1/20,331.049988,332.869995,329.309998,332,332,4024100
17/1/20,332.390015,332.5,323,324.149994,324.149994,11061700
21/1/20,322.600006,326.600006,305.75,313.369995,313.369995,19318000
22/1/20,309.820007,312.839996,302.720001,309,309,18792600
23/1/20,308.5,318.170013,307.700012,317.790009,317.790009,9702100
24/1/20,322,326.200012,312.51001,323.049988,323.049988,17798200
27/1/20,316.209991,321.26001,314.579987,316.600006,316.600006,7468100
28/1/20,318.049988,319.359985,314,316.559998,316.559998,5502200
29/1/20,324.350006,327.179993,319.140015,322.019989,322.019989,12454700
30/1/20,320.5,325.350006,317.640015,323.299988,323.299988,6022000
31/1/20,321.75,321.929993,316.98999,318.269989,318.269989,4999600
3/2/20,318.75,320.73999,314.880005,316,316,4847700
4/2/20,318.279999,319.480011,315.029999,317.940002,317.940002,3779800
5/2/20,320.5,329.679993,319.230011,329.549988,329.549988,6071800
6/2/20,330.910004,343.440002,325.660004,341.429993,341.429993,12845500
7/2/20,340.369995,340.73999,335.690002,336.75,336.75,5337800
10/2/20,337.220001,345.940002,336.320007,344.670013,344.670013,5870900